Rk,Player,Tm,FantPos,Age,G,GS,Cmp,Att,PssYds,PssTD,Int,Att,RshYds,Y/A,RshTD,Tgt,Rec,RecYds,Y/R,RecTD,Fmb,FL,TD,2PM,2PP,FantPt,PPR
1,Christian McCaffrey*+,CAR,RB,23,16,16,0,2,0,0,0,287,1387,4.83,15,142,116,1005,8.66,4,1,0,19,1,,355,471.2
2,Lamar Jackson*+,BAL,QB,22,15,15,265,401,3127,36,6,176,1206,6.85,7,0,0,0,,0,9,2,7,,,416,415.7
3,Michael Thomas*+,NOR,WR,26,16,15,0,0,0,0,0,1,-9,-9,0,185,149,1725,11.58,9,1,0,9,,,226,374.6
4,Dak Prescott,DAL,QB,26,16,16,388,596,4902,30,11,52,277,5.33,3,0,0,0,,0,6,2,3,,1,338,337.8
5,Russell Wilson*,SEA,QB,31,16,16,341,516,4110,31,5,75,342,4.56,3,0,0,0,,0,8,2,3,,1,329,328.6
6,Deshaun Watson*,HOU,QB,24,15,15,333,495,3852,26,12,82,413,5.04,7,1,1,6,6,1,10,3,8,,1,320,321
7,Aaron Jones,GNB,RB,25,16,16,0,0,0,0,0,236,1084,4.59,16,68,49,474,9.67,3,3,2,19,,,266,314.8
8,Ezekiel Elliott*,DAL,RB,24,16,16,0,0,0,0,0,301,1357,4.51,12,71,54,420,7.78,2,3,2,14,,,258,311.7
9,Austin Ekeler,LAC,RB,24,16,8,0,0,0,0,0,132,557,4.22,3,108,92,993,10.79,8,3,2,11,,,217,309
10,Jameis Winston,TAM,QB,25,16,16,380,626,5109,33,30,59,250,4.24,1,0,0,0,,0,12,5,1,2,2,305,305.4
11,Derrick Henry*,TEN,RB,25,15,15,0,0,0,0,0,303,1540,5.08,16,24,18,206,11.44,2,5,3,18,,,277,294.6
12,Dalvin Cook*,MIN,RB,24,14,14,0,0,0,0,0,250,1135,4.54,13,63,53,519,9.79,0,4,2,13,,,239,292.4
13,Josh Allen,BUF,QB,23,16,16,271,461,3089,20,9,109,510,4.68,9,0,0,0,,0,14,4,9,1,2,289,288.6
14,Patrick Mahomes*,KAN,QB,24,14,14,319,484,4031,26,5,43,218,5.07,2,0,0,0,,0,3,2,2,,1,287,287
15,Kyler Murray,ARI,QB,22,16,16,349,542,3722,20,12,93,544,5.85,4,0,0,0,,0,5,2,4,,3,285,285.3
16,Aaron Rodgers*,GNB,QB,36,16,16,353,569,4002,26,4,46,183,3.98,1,0,0,0,,0,4,4,1,1,2,278,278.4
17,Chris Godwin*,TAM,WR,23,14,14,0,0,0,0,0,1,8,8,0,121,86,1333,15.5,9,0,0,9,1,,190,276.1
18,Carson Wentz,PHI,QB,27,16,16,388,607,4039,27,7,62,243,3.92,1,0,0,0,,0,16,7,1,,2,276,275.9
19,Julio Jones*,ATL,WR,30,15,15,0,0,0,0,0,2,-3,-1.5,0,157,99,1394,14.08,6,1,0,6,,,175,274.1
20,Cooper Kupp,LAR,WR,26,16,14,0,1,0,0,0,2,4,2,0,134,94,1161,12.35,10,3,0,10,,,177,270.5
21,DeAndre Hopkins*+,HOU,WR,27,15,15,1,2,6,1,1,2,18,9,0,150,104,1165,11.2,7,0,0,7,1,,165,268.5
22,Matt Ryan,ATL,QB,34,15,15,408,616,4466,26,14,34,147,4.32,1,0,0,0,,0,9,5,1,,1,267,267.3
23,Tom Brady,NWE,QB,42,16,16,373,613,4057,24,8,26,34,1.31,3,0,0,0,,0,4,1,3,,1,264,263.7
24,Keenan Allen*,LAC,WR,27,16,16,0,0,0,0,0,3,16,5.33,0,149,104,1199,11.53,6,0,0,6,,,158,261.5
25,Leonard Fournette,JAX,RB,24,15,15,0,0,0,0,0,265,1152,4.35,3,100,76,522,6.87,0,1,1,3,,,183,259.4
26,Julian Edelman,NWE,WR,33,16,13,2,2,47,1,0,8,27,3.38,0,153,100,1117,11.17,6,3,1,6,1,,156,256.3
27,Nick Chubb*,CLE,RB,24,16,16,0,0,0,0,0,298,1494,5.01,8,49,36,278,7.72,0,3,3,8,,,219,255.2
28,Allen Robinson,CHI,WR,26,16,15,0,0,0,0,0,1,2,2,0,154,98,1147,11.7,7,0,0,7,,,157,254.9
29,Travis Kelce*,KAN,TE,30,16,16,0,0,0,0,0,1,4,4,1,136,97,1229,12.67,5,1,1,6,,,157,254.3
30,Alvin Kamara*,NOR,RB,24,14,9,1,1,13,0,0,171,797,4.66,5,97,81,533,6.58,1,4,1,6,,,168,248.5
31,Kenny Golladay*,DET,WR,26,16,16,0,0,0,0,0,0,0,,0,116,65,1190,18.31,11,1,1,11,,,183,248
32,Jared Goff,LAR,QB,25,16,16,394,626,4638,22,16,33,40,1.21,2,0,0,0,,0,10,5,2,,,248,247.5
33,Jimmy Garoppolo,SFO,QB,28,16,16,329,476,3978,27,13,46,62,1.35,1,0,0,0,,0,10,5,1,,2,247,247.3
34,Amari Cooper*,DAL,WR,25,16,16,0,0,0,0,0,1,6,6,0,119,79,1189,15.05,8,0,0,8,,,168,246.5
35,DeVante Parker,MIA,WR,26,16,14,0,0,0,0,0,0,0,,0,128,72,1202,16.69,9,0,0,9,,,174,246.2
36,Derek Carr,OAK,QB,28,16,16,361,513,4054,21,8,27,82,3.04,2,0,0,0,,0,7,3,2,,,244,244.4
37,Kirk Cousins*,MIN,QB,31,15,15,307,444,3603,26,6,31,63,2.03,1,1,0,0,,0,10,3,1,,1,244,244.4
38,Saquon Barkley,NYG,RB,22,13,13,0,0,0,0,0,217,1003,4.62,6,73,52,438,8.42,2,1,0,8,,,192,244.1
39,Mark Ingram*,BAL,RB,30,15,15,0,0,0,0,0,202,1018,5.04,10,29,26,247,9.5,5,2,2,15,2,,217,242.5
40,Ryan Fitzpatrick,MIA,QB,37,15,13,311,502,3529,20,13,54,243,4.5,4,0,0,0,,0,9,2,4,,1,241,241.5
41,Jarvis Landry*,CLE,WR,27,16,16,0,0,0,0,0,1,10,10,0,138,83,1174,14.14,6,0,0,6,,,154,237.4
42,Philip Rivers,LAC,QB,38,16,16,390,591,4615,23,20,12,29,2.42,0,0,0,0,,0,8,3,0,,1,236,235.5
43,Tyler Lockett,SEA,WR,27,16,16,0,0,0,0,0,4,-5,-1.25,0,110,82,1057,12.89,8,1,0,8,,,153,235.2
44,Robert Woods,LAR,WR,27,15,15,0,0,0,0,0,17,115,6.76,1,139,90,1134,12.6,2,0,0,3,,,143,232.9
45,Mike Evans*,TAM,WR,26,13,13,0,0,0,0,0,0,0,,0,118,67,1157,17.27,8,0,0,8,1,,166,232.7
46,Chris Carson,SEA,RB,25,15,15,0,0,0,0,0,278,1230,4.42,7,47,37,266,7.19,2,7,4,9,,,196,232.6
47,D.J. Moore,CAR,WR,22,15,15,0,0,0,0,0,6,40,6.67,0,135,87,1175,13.51,4,2,1,4,,,144,230.5
48,Baker Mayfield,CLE,QB,24,16,16,317,534,3827,22,21,28,141,5.04,3,0,0,0,,0,6,2,3,,1,229,229.2
49,Gardner Minshew,JAX,QB,23,14,12,285,470,3271,21,6,67,344,5.13,0,0,0,0,,0,13,7,0,,3,229,229.2
50,DJ Chark*,JAX,WR,23,15,14,0,0,0,0,0,2,20,10,0,118,73,1008,13.81,8,0,0,8,1,,153,225.8
51,Joe Mixon,CIN,RB,23,16,15,0,0,0,0,0,278,1137,4.09,5,45,35,287,8.2,3,0,0,8,,,190,225.4
52,Drew Brees*,NOR,QB,40,11,11,281,378,2979,27,4,9,-4,-0.44,1,0,0,0,,0,0,0,1,,,225,224.8
53,Ryan Tannehill*,TEN,QB,31,12,10,201,286,2742,22,6,43,185,4.3,4,0,0,0,,0,6,3,4,1,,224,224.2
54,Tyler Boyd,CIN,WR,25,16,15,0,0,0,0,0,4,23,5.75,0,148,90,1046,11.62,5,2,2,5,,,133,222.9
55,George Kittle*+,SFO,TE,26,14,14,0,0,0,0,0,5,22,4.4,0,107,85,1053,12.39,5,1,0,5,,,138,222.5
56,Courtland Sutton*,DEN,WR,24,16,14,1,1,38,0,0,3,17,5.67,0,124,72,1112,15.44,6,2,0,6,,,150,222.4
57,Darren Waller,OAK,TE,27,16,16,0,0,0,0,0,2,5,2.5,0,117,90,1145,12.72,3,1,1,3,,,131,221
58,John Brown,BUF,WR,29,15,15,1,1,28,1,0,2,7,3.5,0,115,72,1060,14.72,6,0,0,6,,,148,219.8
59,Todd Gurley,LAR,RB,25,15,15,0,0,0,0,0,223,857,3.84,12,49,31,207,6.68,2,3,2,14,1,,188,219.4
60,Miles Sanders,PHI,RB,22,16,11,0,0,0,0,0,179,818,4.57,3,63,50,509,10.18,3,2,1,6,1,,169,218.7
61,Jacoby Brissett,IND,QB,27,15,15,272,447,2942,18,6,56,228,4.07,4,1,1,2,2,0,7,5,4,,1,217,217.7
62,A.J. Brown,TEN,WR,22,16,11,0,0,0,0,0,3,60,20,1,84,52,1051,20.21,8,1,0,9,,,165,217.1
63,Zach Ertz*,PHI,TE,29,15,15,0,0,0,0,0,0,0,,0,135,88,916,10.41,6,1,1,6,1,,128,215.6
64,Le'Veon Bell,NYJ,RB,27,15,15,0,0,0,0,0,245,789,3.22,3,78,66,461,6.98,1,1,1,4,1,,149,215
65,Daniel Jones,NYG,QB,22,13,12,284,459,3027,24,12,45,279,6.2,2,0,0,0,,0,18,11,2,,2,215,215
66,Kenyan Drake,2TM,RB,25,14,10,0,0,0,0,0,170,817,4.81,8,68,50,345,6.9,0,2,1,8,1,,164,214.2
67,Michael Gallup,DAL,WR,23,14,12,0,0,0,0,0,0,0,,0,113,66,1107,16.77,6,0,0,6,,,147,212.7
68,Davante Adams*,GNB,WR,27,12,12,0,0,0,0,0,0,0,,0,127,83,997,12.01,5,2,1,5,1,,130,212.7
69,Stefon Diggs,MIN,WR,26,15,15,0,1,0,0,0,5,61,12.2,0,94,63,1130,17.94,6,4,3,6,,,149,212.1
70,Mark Andrews*,BAL,TE,23,15,4,0,0,0,0,0,0,0,,0,98,64,852,13.31,10,2,1,10,,,143,207.2
71,Andy Dalton,CIN,QB,32,13,13,314,528,3494,16,14,32,73,2.28,4,1,1,-4,-4,0,8,4,4,1,1,203,203.7
72,Mitchell Trubisky,CHI,QB,25,15,15,326,516,3138,17,10,48,193,4.02,2,0,0,0,,0,5,2,2,,1,203,202.8
73,Odell Beckham,CLE,WR,27,16,15,1,2,20,0,0,3,10,3.33,0,133,74,1035,13.99,4,1,1,4,,,127,201.3
74,James White,NWE,RB,27,15,1,1,1,35,0,0,67,263,3.93,1,95,72,645,8.96,5,1,1,6,1,,128,200.2
75,Phillip Lindsay,DEN,RB,25,16,16,0,0,0,0,0,224,1011,4.51,7,48,35,196,5.6,0,0,0,7,,,163,197.7
76,Jamison Crowder,NYJ,WR,26,16,12,0,0,0,0,0,1,4,4,0,122,78,833,10.68,6,0,0,6,,,120,197.7
77,Devonta Freeman,ATL,RB,27,14,14,0,0,0,0,0,184,656,3.57,2,70,59,410,6.95,4,3,2,6,,,139,197.6
78,Calvin Ridley,ATL,WR,25,13,10,0,0,0,0,0,2,34,17,0,93,63,866,13.75,7,0,0,7,1,,134,197
79,Marvin Jones,DET,WR,29,13,11,0,0,0,0,0,2,0,0,0,91,62,779,12.56,9,0,0,9,,,132,193.9
80,Terry McLaurin,WAS,WR,24,14,14,0,0,0,0,0,0,0,,0,93,58,919,15.84,7,0,0,7,,,134,191.9
81,Austin Hooper*,ATL,TE,25,13,10,0,0,0,0,0,0,0,,0,97,75,787,10.49,6,0,0,6,1,,117,191.7
82,Josh Jacobs,OAK,RB,21,13,13,0,0,0,0,0,242,1150,4.75,7,27,20,166,8.3,0,1,1,7,,,172,191.6
83,Emmanuel Sanders,2TM,WR,32,17,16,1,1,35,1,0,0,0,,0,97,66,869,13.17,5,0,0,5,1,,124,190.3
84,Sam Darnold,NYJ,QB,22,13,13,273,441,3024,19,13,33,62,1.88,2,0,0,0,,0,11,3,2,,3,189,189.2
85,Deebo Samuel,SFO,WR,23,15,11,0,0,0,0,0,14,159,11.36,3,81,57,802,14.07,3,2,1,6,1,,132,189.1
86,Tyreek Hill*,KAN,WR,25,12,12,0,0,0,0,0,8,23,2.88,0,89,58,860,14.83,7,0,0,7,,,130,188.3
87,D.K. Metcalf,SEA,WR,22,16,15,0,0,0,0,0,2,11,5.5,0,100,58,900,15.52,7,3,3,7,1,,129,187.1
88,Cole Beasley,BUF,WR,30,15,10,0,0,0,0,0,0,0,,0,106,67,778,11.61,6,0,0,6,2,,118,184.8
89,Marlon Mack,IND,RB,23,14,12,0,0,0,0,0,247,1091,4.42,8,17,14,82,5.86,0,0,0,8,1,,167,181.3
90,Melvin Gordon,LAC,RB,26,12,11,0,0,0,0,0,162,612,3.78,8,55,42,296,7.05,1,4,3,9,,,139,180.8
91,Kyle Allen,CAR,QB,23,13,12,303,489,3322,17,16,32,106,3.31,2,0,0,0,,0,13,7,2,,,177,177.5
92,Larry Fitzgerald,ARI,WR,36,16,16,0,0,0,0,0,0,0,,0,109,75,804,10.72,4,1,1,4,,,102,177.4
93,Curtis Samuel,CAR,WR,23,16,15,0,0,0,0,0,19,130,6.84,1,105,54,627,11.61,6,0,0,7,,,118,171.7
94,David Montgomery,CHI,RB,22,16,8,0,0,0,0,0,242,889,3.67,6,35,25,185,7.4,1,2,2,7,,,145,170.4
95,Darius Slayton,NYG,WR,22,14,9,0,0,0,0,0,0,0,,0,84,48,740,15.42,8,0,0,8,,,122,170
96,Christian Kirk,ARI,WR,23,13,13,0,0,0,0,0,10,93,9.3,0,108,68,709,10.43,3,0,0,3,1,,100,168.2
97,Jared Cook*,NOR,TE,32,14,7,0,0,0,0,0,0,0,,0,65,43,705,16.4,9,0,0,9,,,125,167.5
98,Matthew Stafford,DET,QB,31,8,8,187,291,2499,19,5,20,66,3.3,0,0,0,0,,0,5,3,0,,,167,166.6
99,Ronald Jones,TAM,RB,22,16,9,0,0,0,0,0,172,724,4.21,6,40,31,309,9.97,0,3,2,6,,,135,166.3
100,Raheem Mostert,SFO,RB,27,16,0,0,0,0,0,0,137,772,5.64,8,22,14,180,12.86,2,2,2,10,,,151,165.2
101,Tarik Cohen,CHI,RB,24,16,11,0,0,0,0,0,64,213,3.33,0,104,79,456,5.77,3,3,0,3,,,85,163.9
102,Diontae Johnson,PIT,WR,23,16,12,0,0,0,0,0,4,41,10.25,0,92,59,680,11.53,5,5,2,6,,,104,163.1
103,Robby Anderson,NYJ,WR,26,16,15,0,0,0,0,0,1,4,4,0,96,52,779,14.98,5,1,0,5,1,,110,162.3
104,Mike Williams,LAC,WR,25,15,15,0,0,0,0,0,1,2,2,0,90,49,1001,20.43,2,0,0,2,,,112,161.3
105,Tyler Higbee,LAR,TE,26,15,15,0,0,0,0,0,0,0,,0,89,69,734,10.64,3,0,0,3,,,91,160.4
106,Latavius Murray,NOR,RB,29,16,8,0,0,0,0,0,146,637,4.36,5,43,34,235,6.91,1,0,0,6,,,123,157.2
107,Dede Westbrook,JAX,WR,26,15,11,0,0,0,0,0,5,27,5.4,0,101,66,660,10,3,1,0,3,2,,91,156.7
108,Chris Conley,JAX,WR,27,16,14,0,0,0,0,0,0,0,,0,90,47,775,16.49,5,0,0,5,1,,110,156.5
109,Randall Cobb,DAL,WR,29,15,6,0,1,0,0,0,3,11,3.67,0,83,55,828,15.05,3,2,1,3,,,100,154.9
110,Duke Johnson,HOU,RB,26,16,2,0,0,0,0,0,83,410,4.94,2,62,44,410,9.32,3,1,1,5,,,110,154
111,Carlos Hyde,HOU,RB,29,16,14,0,0,0,0,0,245,1070,4.37,6,16,10,42,4.2,0,4,2,6,,,143,153.2
112,Sony Michel,NWE,RB,24,16,14,0,0,0,0,0,247,912,3.69,7,20,12,94,7.83,0,2,1,7,,,141,152.6
113,Golden Tate,NYG,WR,31,11,10,0,0,0,0,0,1,16,16,0,85,49,676,13.8,6,1,1,6,,,103,152.2
114,Hunter Henry,LAC,TE,25,12,12,0,0,0,0,0,0,0,,0,76,55,652,11.85,5,1,1,5,1,,95,150.2
115,Devin Singletary,BUF,RB,22,12,8,0,0,0,0,0,151,775,5.13,2,41,29,194,6.69,2,4,1,4,,,119,147.9
116,Adrian Peterson,WAS,RB,34,15,15,0,0,0,0,0,211,898,4.26,5,23,17,142,8.35,0,3,2,5,,,130,147
117,Marquise Brown,BAL,WR,22,14,11,0,0,0,0,0,0,0,,0,71,46,584,12.7,7,0,0,7,,,100,146.4
118,Jamaal Williams,GNB,RB,24,14,2,0,0,0,0,0,107,460,4.3,1,45,39,253,6.49,5,0,0,6,,,107,146.3
119,James Conner,PIT,RB,24,10,10,0,0,0,0,0,116,464,4,4,38,34,251,7.38,3,1,1,7,,,112,145.5
120,Dallas Goedert,PHI,TE,24,15,9,0,0,0,0,0,0,0,,0,87,58,607,10.47,5,2,2,5,,,87,144.7
121,Tyrell Williams,OAK,WR,27,14,12,0,0,0,0,0,0,0,,0,64,42,651,15.5,6,0,0,6,,,101,143.1
122,Royce Freeman,DEN,RB,23,16,0,0,0,0,0,0,132,496,3.76,3,50,43,256,5.95,1,0,0,4,,,99,142.2
123,Sterling Shepard,NYG,WR,26,10,10,0,0,0,0,0,6,72,12,0,83,57,576,10.11,3,0,0,3,1,,85,141.8
124,David Johnson,ARI,RB,28,13,9,0,0,0,0,0,94,345,3.67,2,47,36,370,10.28,4,1,1,6,,,106,141.5
125,Damien Williams,KAN,RB,27,11,6,0,0,0,0,0,111,498,4.49,5,37,30,213,7.1,2,1,1,7,,,111,141.1
126,Danny Amendola,DET,WR,34,15,10,1,1,19,1,0,0,0,,0,97,62,678,10.94,1,0,0,1,,,79,140.6
127,Jason Witten,DAL,TE,37,16,16,0,0,0,0,0,0,0,,0,83,63,529,8.4,4,1,1,4,1,,77,139.9
128,Sammy Watkins,KAN,WR,26,14,13,0,0,0,0,0,2,12,6,0,90,52,673,12.94,3,2,1,3,1,,87,138.5
129,Breshad Perriman,TAM,WR,26,14,4,0,0,0,0,0,2,16,8,0,69,36,645,17.92,6,0,0,6,,,102,138.1
130,Mike Gesicki,MIA,TE,24,16,5,0,0,0,0,0,0,0,,0,89,51,570,11.18,5,1,1,5,,,85,136
131,Tevin Coleman,SFO,RB,26,14,11,0,0,0,0,0,137,544,3.97,6,30,21,180,8.57,1,0,0,7,,,114,135.4
132,Zach Pascal,IND,WR,25,16,13,0,1,0,0,0,2,16,8,0,72,41,607,14.8,5,0,0,5,1,,94,135.3
133,Will Fuller,HOU,WR,25,11,11,0,0,0,0,0,0,0,,0,71,49,670,13.67,3,1,0,3,,,85,134
134,James Washington,PIT,WR,23,15,10,0,0,0,0,0,0,0,,0,80,44,735,16.7,3,1,1,3,,,90,133.5
135,Hunter Renfrow,OAK,WR,24,13,4,0,0,0,0,0,0,0,,0,71,49,605,12.35,4,1,0,4,,,85,133.5
136,Anthony Miller,CHI,WR,25,16,7,0,0,0,0,0,1,-1,-1,0,85,52,656,12.62,2,1,1,2,,,76,127.5
137,T.Y. Hilton,IND,WR,30,10,10,0,0,0,0,0,0,0,,0,68,45,501,11.13,5,0,0,5,,,80,125.1
138,Mohamed Sanu,2TM,WR,30,15,12,0,0,0,0,0,3,11,3.67,0,89,59,520,8.81,2,0,0,2,,,65,124.1
139,Greg Olsen,CAR,TE,34,14,14,0,0,0,0,0,0,0,,0,82,52,597,11.48,2,0,0,2,,,72,123.7
140,Alshon Jeffery,PHI,WR,29,10,10,0,0,0,0,0,1,2,2,1,73,43,490,11.4,4,0,0,5,,,79,122.2
141,DeAndre Washington,OAK,RB,26,16,3,0,0,0,0,0,108,387,3.58,3,41,36,292,8.11,0,0,0,3,,,86,121.9
142,Kenny Stills,HOU,WR,27,13,5,0,0,0,0,0,0,0,,0,55,40,561,14.03,4,0,0,4,,,80,120.1
143,Mecole Hardman*,KAN,WR,21,16,5,0,0,0,0,0,4,17,4.25,0,41,26,538,20.69,6,2,2,7,,,94,119.5
144,LeSean McCoy,KAN,RB,31,13,9,0,0,0,0,0,101,465,4.6,4,34,28,181,6.46,1,3,2,5,,,91,118.6
145,Nyheim Hines,IND,RB,23,16,2,0,0,0,0,0,52,199,3.83,2,58,44,320,7.27,0,1,1,4,,,74,117.9
146,Brandin Cooks,LAR,WR,26,14,14,0,0,0,0,0,6,52,8.67,0,72,42,583,13.88,2,0,0,2,,,76,117.5
147,Peyton Barber,TAM,RB,25,16,7,0,0,0,0,0,154,470,3.05,6,24,16,115,7.19,1,1,1,7,1,,101,116.5
148,Corey Davis,TEN,WR,24,15,11,0,0,0,0,0,0,0,,0,69,43,601,13.98,2,1,0,2,,,72,115.1
149,Adam Thielen,MIN,WR,29,10,10,0,0,0,0,0,4,6,1.5,1,48,30,418,13.93,6,0,0,7,,,84,114.4
150,Kyle Rudolph,MIN,TE,30,16,16,0,0,0,0,0,0,0,,0,48,39,367,9.41,6,0,0,6,1,,75,113.7
151,JuJu Smith-Schuster,PIT,WR,23,12,12,0,0,0,0,0,0,0,,0,70,42,552,13.14,3,1,1,3,,,71,113.2
152,Jack Doyle*,IND,TE,29,16,16,0,0,0,0,0,0,0,,0,72,43,448,10.42,4,1,0,4,,,69,111.8
153,Jordan Howard,PHI,RB,25,10,4,0,0,0,0,0,119,525,4.41,6,14,10,69,6.9,1,0,0,7,,,101,111.4
154,Noah Fant,DEN,TE,22,16,11,0,0,0,0,0,3,-12,-4,0,66,40,562,14.05,3,1,1,3,,,71,111
155,Darren Fells,HOU,TE,33,16,14,0,0,0,0,0,0,0,,0,48,34,341,10.03,7,0,0,7,,,76,110.1
156,Steven Sims,WAS,WR,22,16,2,0,1,0,0,0,9,85,9.44,1,56,34,310,9.12,4,1,0,6,,,76,109.5
157,Evan Engram,NYG,TE,25,8,6,0,0,0,0,0,3,7,2.33,0,68,44,467,10.61,3,0,0,3,,,65,109.4
158,Mason Rudolph,PIT,QB,24,10,8,176,283,1765,13,9,21,42,2,0,0,0,0,,0,4,0,0,,,109,108.8
159,Tyler Eifert,CIN,TE,29,16,4,0,0,0,0,0,0,0,,0,63,43,436,10.14,3,0,0,3,1,,64,106.6
160,Jonnu Smith,TEN,TE,24,16,14,0,0,0,0,0,4,78,19.5,0,44,35,439,12.54,3,0,0,3,,,70,104.7
161,Jaylen Samuels,PIT,RB,23,14,4,4,5,35,0,1,66,175,2.65,1,57,47,305,6.49,1,1,1,2,,,57,104.4
162,Case Keenum,WAS,QB,31,10,8,160,247,1707,11,5,9,12,1.33,1,0,0,0,,0,6,3,1,,,103,103.5
163,Matt Breida,SFO,RB,24,13,5,0,0,0,0,0,123,623,5.07,1,22,19,120,6.32,1,2,1,2,,,84,103.3
164,Allen Lazard,GNB,WR,24,16,3,0,0,0,0,0,1,21,21,0,52,35,477,13.63,3,0,0,3,,,68,102.8
165,Taysom Hill,NOR,QB,29,16,5,3,6,55,0,0,27,156,5.78,1,22,19,234,12.32,6,0,0,7,,,83,102.2
166,Auden Tate,CIN,WR,22,12,10,0,0,0,0,0,0,0,,0,80,40,575,14.38,1,1,1,1,,,62,101.5
167,Kareem Hunt,CLE,RB,24,8,3,0,0,0,0,0,43,179,4.16,2,44,37,285,7.7,1,1,0,3,,,64,101.4
168,Rex Burkhead,NWE,RB,29,13,1,0,0,0,0,0,65,302,4.65,3,38,27,279,10.33,0,1,1,3,,,74,101.1
169,Demarcus Robinson,KAN,WR,25,16,10,0,0,0,0,0,0,0,,0,55,32,449,14.03,4,0,0,4,,,69,100.9
170,Phillip Dorsett,NWE,WR,26,14,4,0,0,0,0,0,3,21,7,0,54,29,397,13.69,5,0,0,5,,,72,100.8
171,Jimmy Graham,GNB,TE,33,16,10,0,0,0,0,0,0,0,,0,60,38,447,11.76,3,1,0,3,,,63,100.7
172,Russell Gage,ATL,WR,23,16,4,0,0,0,0,0,4,12,3,0,74,49,446,9.1,1,1,1,1,,,50,98.8
173,Ryan Griffin,NYJ,TE,29,13,13,0,0,0,0,0,0,0,,0,41,34,320,9.41,5,0,0,5,1,,64,98
174,Kendrick Bourne,SFO,WR,24,16,0,0,0,0,0,0,0,0,,0,44,30,358,11.93,5,0,0,5,1,,68,97.8
175,Boston Scott,PHI,RB,24,11,2,0,0,0,0,0,61,245,4.02,5,26,24,204,8.5,0,4,1,5,,,73,96.9
176,Alex Erickson,CIN,WR,27,16,6,1,1,26,0,0,5,33,6.6,0,78,43,529,12.3,0,4,2,0,,,53,96.2
177,Willie Snead,BAL,WR,27,16,11,0,0,0,0,0,2,2,1,0,46,31,339,10.94,5,0,0,5,,,64,95.1
178,John Ross,CIN,WR,25,8,8,0,0,0,0,0,3,4,1.33,0,56,28,506,18.07,3,1,1,3,,,67,95
179,Frank Gore,BUF,RB,36,16,8,0,0,0,0,0,166,599,3.61,2,16,13,100,7.69,0,0,0,2,,,82,94.9
180,Nelson Agholor,PHI,WR,26,11,10,0,0,0,0,0,2,7,3.5,0,69,39,363,9.31,3,2,1,3,1,,55,94
181,Jacob Hollister,SEA,TE,26,11,3,0,0,0,0,0,0,0,,0,59,41,349,8.51,3,0,0,3,,,53,93.9
182,Chris Thompson,WAS,RB,29,11,0,0,0,0,0,0,37,138,3.73,0,58,42,378,9,0,1,0,0,,,52,93.6
183,Gus Edwards,BAL,RB,24,16,1,0,0,0,0,0,133,711,5.35,2,7,7,45,6.43,0,2,1,2,,,86,92.6
184,Cameron Brate,TAM,TE,28,16,6,0,0,0,0,0,0,0,,0,55,36,311,8.64,4,0,0,4,,,55,91.1
185,Preston Williams,MIA,WR,22,8,7,0,0,0,0,0,0,0,,0,60,32,428,13.38,3,2,1,3,,,59,90.8
186,Teddy Bridgewater,NOR,QB,27,9,5,133,196,1384,9,2,28,31,1.11,0,0,0,0,,0,1,0,0,,,90,90.5
187,Taylor Gabriel,CHI,WR,28,9,7,0,0,0,0,0,3,20,6.67,0,48,29,353,12.17,4,0,0,4,,,61,90.3
188,Jordan Akins,HOU,TE,27,16,9,0,0,0,0,0,0,0,,0,55,36,418,11.61,2,0,0,2,,,54,89.8
189,Gerald Everett,LAR,TE,25,13,2,0,0,0,0,0,1,0,0,0,60,37,408,11.03,2,0,0,2,,,53,89.8
190,Albert Wilson,MIA,WR,27,13,4,1,2,20,0,0,5,45,9,0,62,43,351,8.16,1,0,0,1,,,46,89.4
191,Tony Pollard,DAL,RB,22,15,0,0,0,0,0,0,86,455,5.29,2,20,15,107,7.13,1,1,1,3,1,,74,89.2
192,Eric Ebron,IND,TE,26,11,2,0,0,0,0,0,0,0,,0,52,31,375,12.1,3,0,0,3,,,56,86.5
193,Adam Humphries,TEN,WR,26,12,3,0,0,0,0,0,1,1,1,0,47,37,374,10.11,2,1,0,2,,,50,86.5
194,Ted Ginn,NOR,WR,34,16,9,0,0,0,0,0,3,18,6,0,56,30,421,14.03,2,0,0,2,,,56,85.9
195,Blake Jarwin,DAL,TE,25,16,7,0,0,0,0,0,0,0,,0,41,31,365,11.77,3,1,0,3,,,55,85.5
196,Demaryius Thomas,NYJ,WR,32,11,10,0,0,0,0,0,0,0,,0,58,36,433,12.03,1,0,0,1,,,49,85.3
197,Marcus Mariota,TEN,QB,26,7,6,95,160,1203,7,2,24,129,5.38,0,0,0,0,,0,3,0,0,,,85,85
198,Kerryon Johnson,DET,RB,22,8,7,0,0,0,0,0,113,403,3.57,3,15,10,127,12.7,1,1,1,4,,,75,85
199,Joe Flacco,DEN,QB,34,8,8,171,262,1822,6,5,12,20,1.67,0,0,0,0,,0,8,3,0,,1,85,84.9
200,Marquez Valdes-Scantling,GNB,WR,25,16,10,0,0,0,0,0,2,9,4.5,0,56,26,452,17.38,2,0,0,2,,,58,84.1
201,O.J. Howard,TAM,TE,25,14,14,0,0,0,0,0,0,0,,0,53,34,459,13.5,1,1,1,1,,,50,83.9
202,J.D. McKissic,DET,RB,26,16,3,0,0,0,0,0,38,205,5.39,0,42,34,233,6.85,1,0,0,1,,,50,83.8
203,Allen Hurns,MIA,WR,28,14,7,0,0,0,0,0,0,0,,0,47,32,416,13,2,1,1,2,,,52,83.6
204,Vance McDonald,PIT,TE,29,14,14,0,0,0,0,0,1,2,2,0,55,38,273,7.18,3,1,0,3,,,46,83.5
205,Chase Edmonds,ARI,RB,23,13,2,0,0,0,0,0,60,303,5.05,4,21,12,105,8.75,1,0,0,5,,,71,82.8
206,Jalen Richard,OAK,RB,26,16,0,0,0,0,0,0,39,145,3.72,0,43,36,323,8.97,0,2,0,0,,,47,82.8
207,Tajae Sharpe,TEN,WR,25,15,6,0,0,0,0,0,0,0,,0,35,25,329,13.16,4,0,0,4,,,57,81.9
208,T.J. Hockenson,DET,TE,22,12,7,0,0,0,0,0,0,0,,0,59,32,367,11.47,2,0,0,2,,,49,80.7
209,Dawson Knox,BUF,TE,23,15,11,0,0,0,0,0,1,9,9,0,50,28,388,13.86,2,0,0,2,,,52,79.7
210,Irv Smith Jr.,MIN,TE,21,16,7,0,0,0,0,0,0,0,,0,47,36,311,8.64,2,1,0,2,,,43,79.1
211,Olabisi Johnson,MIN,WR,22,16,6,0,0,0,0,0,1,6,6,0,45,31,294,9.48,3,0,0,3,,,48,79
212,Keelan Cole,JAX,WR,26,16,1,0,0,0,0,0,1,6,6,0,35,24,361,15.04,3,0,0,3,,,55,78.7
213,Hayden Hurst,BAL,TE,26,16,4,0,0,0,0,0,0,0,,0,39,30,349,11.63,2,0,0,2,,,47,76.9
214,Dwayne Haskins,WAS,QB,22,9,7,119,203,1365,7,7,20,101,5.05,0,0,0,0,,0,6,2,0,,1,77,76.7
215,Kaden Smith,NYG,TE,22,9,6,0,0,0,0,0,0,0,,0,42,31,268,8.65,3,2,0,3,,,45,75.8
216,Geronimo Allison,GNB,WR,25,16,6,0,0,0,0,0,1,7,7,0,55,34,287,8.44,2,2,1,2,1,,41,75.4
217,Rashaad Penny,SEA,RB,23,10,0,0,0,0,0,0,65,370,5.69,3,11,8,83,10.38,1,1,1,4,,,67,75.3
218,Dare Ogunbowale,TAM,RB,25,16,0,0,0,0,0,0,11,17,1.55,2,46,35,286,8.17,0,2,1,2,,,40,75.3
219,Nick Boyle,BAL,TE,26,16,15,0,0,0,0,0,0,0,,0,43,31,321,10.35,2,0,0,2,,,44,75.1
220,Will Dissly,SEA,TE,23,6,6,0,0,0,0,0,1,7,7,0,27,23,262,11.39,4,1,0,4,,,51,73.9
221,Josh Gordon,2TM,WR,28,11,7,0,1,0,0,1,1,1,1,0,47,27,426,15.78,1,0,0,1,,,47,73.7
222,Damiere Byrd,ARI,WR,26,11,3,0,0,0,0,0,0,0,,0,46,32,359,11.22,1,1,1,1,,,40,71.9
223,Tre'Quan Smith,NOR,WR,23,11,6,0,0,0,0,0,0,0,,0,25,18,234,13,5,0,0,5,,,53,71.4
224,Alexander Mattison,MIN,RB,21,13,0,0,0,0,0,0,100,462,4.62,1,12,10,82,8.2,0,1,1,1,,,58,68.4
225,Foster Moreau,OAK,TE,22,13,7,0,0,0,0,0,0,0,,0,25,21,174,8.29,5,0,0,5,,,47,68.4
226,Giovani Bernard,CIN,RB,28,16,2,0,0,0,0,0,53,170,3.21,0,43,30,234,7.8,0,2,1,0,,,38,68.4
227,Patrick Laird,MIA,RB,24,15,4,0,0,0,0,0,62,168,2.71,1,30,23,204,8.87,0,0,0,1,1,,45,68.2
228,Drew Lock,DEN,QB,23,5,5,100,156,1020,7,3,18,72,4,0,0,0,0,,0,3,1,0,,,68,68
229,Darrel Williams,KAN,RB,24,12,0,0,0,0,0,0,41,141,3.44,3,19,15,167,11.13,1,1,1,4,,,53,67.8
230,Brian Hill,ATL,RB,24,12,2,0,0,0,0,0,78,323,4.14,2,14,10,69,6.9,1,0,0,3,,,57,67.2
231,Kelvin Harmon,WAS,WR,23,16,8,1,1,11,0,0,0,0,,0,44,30,365,12.17,0,0,0,0,,,37,66.9
232,Dion Lewis,TEN,RB,29,16,1,0,0,0,0,0,54,209,3.87,0,32,25,164,6.56,1,1,1,1,,,41,66.3
233,Cody Latimer,NYG,WR,27,15,10,0,0,0,0,0,0,0,,0,42,24,300,12.5,2,0,0,2,,,42,66
234,Josh Hill,NOR,TE,29,16,11,0,0,0,0,0,0,0,,0,35,25,226,9.04,3,0,0,3,,,41,65.6
235,Paul Richardson,WAS,WR,27,10,6,0,0,0,0,0,1,0,0,0,42,28,245,8.75,2,0,0,2,,,37,64.5
236,DaeSean Hamilton,DEN,WR,24,16,2,0,0,0,0,0,0,0,,0,52,28,297,10.61,1,0,0,1,,,36,63.7
237,Isaiah McKenzie,BUF,WR,24,15,8,0,0,0,0,0,8,49,6.13,0,39,27,254,9.41,1,0,0,1,,,36,63.3
238,C.J. Uzomah,CIN,TE,26,16,16,0,0,0,0,0,0,0,,0,40,27,242,8.96,2,0,0,2,,,36,63.2
239,Josh Reynolds,LAR,WR,24,16,2,0,0,0,0,0,5,23,4.6,0,43,21,326,15.52,1,0,0,1,,,41,61.9
240,Jakobi Meyers,NWE,WR,23,15,1,0,0,0,0,0,0,0,,0,41,26,359,13.81,0,0,0,0,,,36,61.9
241,Ty Johnson,DET,RB,22,16,1,0,0,0,0,0,63,273,4.33,0,31,24,109,4.54,0,1,1,0,,,36,60.2
242,Seth Roberts,BAL,WR,28,16,0,0,0,0,0,0,0,0,,0,35,21,271,12.9,2,0,0,2,,,39,60.1
243,Greg Ward,PHI,WR,24,7,3,0,0,0,0,0,1,5,5,0,40,28,254,9.07,1,0,0,1,,,32,59.9
244,David Moore,SEA,WR,24,14,1,0,0,0,0,0,3,25,8.33,0,34,17,301,17.71,2,2,1,2,,,43,59.6
245,Malcolm Brown,LAR,RB,26,14,1,0,0,0,0,0,69,255,3.7,5,6,2,16,8,0,0,0,5,,,57,59.1
246,Ricky Seals-Jones,CLE,TE,24,14,3,0,0,0,0,0,0,0,,0,22,14,229,16.36,4,1,1,4,,,45,58.9
247,Jeff Driskel,DET,QB,26,3,3,62,105,685,4,4,22,151,6.86,1,1,1,6,6,0,1,0,1,,,57,58.1
248,Benny Snell,PIT,RB,21,13,2,0,0,0,0,0,108,426,3.94,2,4,3,23,7.67,0,1,1,2,,,55,57.9
249,Derrius Guice,WAS,RB,22,5,1,0,0,0,0,0,42,245,5.83,2,9,7,79,11.29,1,0,0,3,,,50,57.4
250,Jarius Wright,CAR,WR,30,16,9,0,0,0,0,0,1,-7,-7,0,58,28,296,10.57,0,0,0,0,,,29,56.9
251,Marcus Johnson,IND,WR,25,8,6,0,0,0,0,0,0,0,,0,33,17,277,16.29,2,0,0,2,,,40,56.7
252,Jeremy Sprinkle,WAS,TE,25,16,13,0,0,0,0,0,0,0,,0,40,26,241,9.27,1,1,0,1,,,30,56.1
253,Pharoh Cooper,2TM,WR,24,13,1,0,0,0,0,0,1,2,2,0,33,25,243,9.72,1,0,0,1,,,31,55.5
254,David Blough,DET,QB,24,5,5,94,174,984,4,6,8,31,3.88,0,1,1,19,19,1,1,0,1,,,54,55.4
255,Delanie Walker,TEN,TE,35,7,4,0,0,0,0,0,0,0,,0,31,21,215,10.24,2,1,0,2,,,34,54.5
256,Eli Manning,NYG,QB,38,4,4,91,147,1042,6,5,4,7,1.75,0,0,0,0,,0,3,1,0,,,54,54.4
257,Jordan Wilkins,IND,RB,25,14,1,0,0,0,0,0,51,307,6.02,2,11,7,43,6.14,0,0,0,2,,,47,54
258,Keke Coutee,HOU,WR,22,9,4,0,0,0,0,0,2,14,7,1,36,22,254,11.55,0,1,1,1,,,31,52.8
259,Kalen Ballage,MIA,RB,24,12,6,0,0,0,0,0,74,135,1.82,3,24,14,63,4.5,0,0,0,3,,,38,51.8
260,Trey Quinn,WAS,WR,24,12,6,0,0,0,0,0,0,0,,0,47,26,198,7.62,1,1,1,1,1,,26,51.8
261,Devlin Hodges,PIT,QB,23,8,6,100,160,1063,5,8,21,68,3.24,0,0,0,0,,0,5,1,0,,,51,51.3
262,Ryquell Armstead,JAX,RB,23,16,1,0,0,0,0,0,35,108,3.09,0,24,14,144,10.29,2,0,0,2,,,37,51.2
263,Brandon Bolden,NWE,RB,29,15,2,0,0,0,0,0,15,68,4.53,3,11,9,111,12.33,1,0,0,4,,,42,50.9
264,Miles Boykin,BAL,WR,23,16,11,0,0,0,0,0,0,0,,0,22,13,198,15.23,3,0,0,3,,,38,50.8
265,Kyle Juszczyk*,SFO,RB,28,12,12,0,0,0,0,0,3,7,2.33,0,24,20,239,11.95,1,0,0,1,,,31,50.6
266,Mike Boone,MIN,RB,24,16,2,0,0,0,0,0,49,273,5.57,3,4,3,17,5.67,0,0,0,3,,,47,50
267,Demetrius Harris,CLE,TE,28,15,6,0,0,0,0,0,0,0,,0,27,15,149,9.93,3,0,0,3,1,,35,49.9
268,Justice Hill,BAL,RB,22,16,0,0,0,0,0,0,58,225,3.88,2,15,8,70,8.75,0,0,0,2,,,42,49.5
269,Zay Jones,2TM,WR,24,15,9,0,0,0,0,0,1,3,3,0,45,27,216,8,0,0,0,0,,,22,48.9
270,Vyncint Smith,NYJ,WR,23,13,4,0,0,0,0,0,3,52,17.33,1,31,17,225,13.24,0,1,1,1,,,32,48.7
271,Isaiah Ford,MIA,WR,23,8,0,0,0,0,0,0,1,11,11,0,35,23,244,10.61,0,0,0,0,,,26,48.5
272,Wayne Gallman,NYG,RB,25,10,2,0,0,0,0,0,29,110,3.79,2,15,11,102,9.27,1,1,1,3,,,37,48.2
273,Jaron Brown,SEA,WR,29,14,4,0,0,0,0,0,0,0,,0,28,16,220,13.75,2,1,1,2,,,32,48
274,Charles Clay,ARI,TE,30,15,10,0,0,0,0,0,0,0,,0,24,18,237,13.17,1,0,0,1,,,30,47.7
275,Tavon Austin,DAL,WR,29,14,0,0,0,0,0,0,6,47,7.83,1,24,13,177,13.62,1,1,0,2,,,34,47.4
276,Jeff Wilson,SFO,RB,24,10,0,0,0,0,0,0,27,105,3.89,4,5,3,34,11.33,1,0,0,5,,,44,46.9
277,Bennie Fowler,NYG,WR,28,8,2,0,0,0,0,0,1,20,20,0,36,23,193,8.39,0,0,0,0,1,,23,46.3
278,KeeSean Johnson,ARI,WR,23,10,4,0,0,0,0,0,1,3,3,0,42,21,187,8.9,1,1,1,1,1,,25,46
279,Jakeem Grant,MIA,WR,27,10,2,0,0,0,0,0,4,5,1.25,1,33,19,164,8.63,0,2,1,2,,,27,45.9
280,Chester Rogers,IND,WR,25,12,6,0,0,0,0,0,1,18,18,0,28,16,179,11.19,2,2,1,2,,,30,45.7
281,Malik Turner,SEA,WR,23,15,3,0,0,0,0,0,0,0,,0,22,15,245,16.33,1,0,0,1,,,31,45.5
282,Bo Scarbrough,DET,RB,23,6,5,0,0,0,0,0,89,377,4.24,1,4,1,5,5,0,1,1,1,,,42,43.2
283,Justin Watson,TAM,WR,24,16,2,0,0,0,0,0,0,0,,0,26,15,159,10.6,2,0,0,2,,,28,42.9
284,Javon Wims,CHI,WR,25,16,6,0,0,0,0,0,0,0,,0,39,18,186,10.33,1,0,0,1,,,25,42.6
285,Matt Moore,KAN,QB,35,6,2,59,91,659,4,0,5,-1,-0.2,0,0,0,0,,0,2,0,0,,,42,42.3
286,Mark Walton,MIA,RB,22,7,4,0,0,0,0,0,53,201,3.79,0,21,15,89,5.93,0,1,1,0,,,27,42
287,James O'Shaughnessy,JAX,TE,27,5,5,0,0,0,0,0,0,0,,0,20,14,153,10.93,2,0,0,2,,,27,41.3
288,Maxx Williams,ARI,TE,25,16,10,0,0,0,0,0,0,0,,0,19,15,202,13.47,1,0,0,1,,,26,41.2
289,Rhett Ellison,NYG,TE,31,10,7,0,0,0,0,0,0,0,,0,28,18,167,9.28,1,0,0,1,,,23,40.7
290,Scott Miller,TAM,WR,22,10,2,0,0,0,0,0,2,16,8,0,26,13,200,15.38,1,0,0,1,,,28,40.6
291,Jonathan Williams,IND,RB,25,9,1,0,0,0,0,0,49,235,4.8,1,5,5,59,11.8,0,0,0,1,,,35,40.4
292,Anthony Firkser,TEN,TE,24,15,1,0,0,0,0,0,0,0,,0,24,14,204,14.57,1,0,0,1,,,26,40.4
293,Jake Kumerow,GNB,WR,27,14,4,0,0,0,0,0,0,0,,0,21,12,219,18.25,1,0,0,1,,,28,39.9
294,Marvin Hall,DET,WR,26,9,0,0,0,0,0,0,1,7,7,0,11,7,261,37.29,1,0,0,1,,,33,39.8
295,N'Keal Harry,NWE,WR,22,7,5,0,0,0,0,0,5,49,9.8,0,24,12,105,8.75,2,0,0,2,,,27,39.4
296,Ameer Abdullah,MIN,RB,26,16,0,0,0,0,0,0,23,115,5,0,21,15,88,5.87,1,1,1,1,,,24,39.3
297,Logan Thomas,DET,TE,28,16,3,0,0,0,0,0,0,0,,0,28,16,173,10.81,1,0,0,1,,,23,39.3
298,Justin Hardy,ATL,WR,28,16,1,0,0,0,0,0,0,0,,0,26,19,195,10.26,0,0,0,0,,,20,38.5
299,Marquise Goodwin,SFO,WR,29,9,6,0,0,0,0,0,1,15,15,0,21,12,186,15.5,1,0,0,1,,,26,38.1
300,Dontrell Hilliard,CLE,RB,24,14,0,0,0,0,0,0,13,49,3.77,2,15,12,92,7.67,0,2,0,2,,,26,38.1
301,Parris Campbell,IND,WR,22,7,3,0,0,0,0,0,4,34,8.5,0,24,18,127,7.06,1,3,1,1,,,20,38.1
302,Damion Ratley,CLE,WR,24,13,3,0,0,0,0,0,0,0,,0,24,12,200,16.67,1,0,0,1,,,26,38
303,Tim Patrick,DEN,WR,26,8,2,0,0,0,0,0,0,0,,0,31,16,218,13.63,0,0,0,0,,,22,37.8
304,Nick Foles,JAX,QB,30,4,4,77,117,736,3,2,4,23,5.75,0,0,0,0,,0,2,2,0,,1,38,37.7
305,C.J. Ham*,MIN,RB,26,16,7,0,0,0,0,0,7,17,2.43,0,26,17,149,8.76,1,1,1,1,,,21,37.6
306,DeSean Jackson,PHI,WR,33,3,3,0,0,0,0,0,0,0,,0,10,9,159,17.67,2,0,0,2,,,28,36.9
307,Marcedes Lewis,GNB,TE,35,16,11,0,0,0,0,0,0,0,,0,19,15,156,10.4,1,0,0,1,,,22,36.6
308,Ito Smith,ATL,RB,24,7,0,0,0,0,0,0,22,106,4.82,1,14,11,87,7.91,0,0,0,1,,,25,36.3
309,Ross Dwelley,SFO,TE,24,16,6,0,0,0,0,0,0,0,,0,22,15,91,6.07,2,0,0,2,,,21,36.1
310,Cordarrelle Patterson*+,CHI,WR,28,16,4,0,0,0,0,0,17,103,6.06,0,17,11,83,7.55,0,0,0,1,,,25,35.6
311,Ian Thomas,CAR,TE,23,16,3,0,0,0,0,0,0,0,,0,30,16,136,8.5,1,0,0,1,,,20,35.6
312,Andy Isabella,ARI,WR,23,15,1,0,0,0,0,0,4,15,3.75,0,13,9,189,21,1,0,0,1,,,26,35.4
313,Byron Pringle,KAN,WR,26,16,0,0,0,0,0,0,0,0,,0,16,12,170,14.17,1,0,0,1,,,23,35
314,Duke Williams,BUF,WR,26,4,3,0,0,0,0,0,0,0,,0,19,12,166,13.83,1,0,0,1,,,23,34.6
315,Dante Pettis,SFO,WR,24,11,4,1,1,16,0,0,0,0,,0,24,11,109,9.91,2,0,0,2,,,24,34.5
316,Ben Watson,NWE,TE,39,10,8,0,0,0,0,0,0,0,,0,24,17,173,10.18,0,0,0,0,,,17,34.3
317,Nick Vannett,2TM,TE,26,16,7,0,0,0,0,0,0,0,,0,22,17,166,9.76,0,0,0,0,,,17,33.6
318,Laquon Treadwell,MIN,WR,24,13,1,0,0,0,0,0,0,0,,0,16,9,184,20.44,1,0,0,1,,,24,33.4
319,Bilal Powell,NYJ,RB,31,13,1,0,1,0,0,0,59,229,3.88,0,12,7,33,4.71,0,0,0,0,,,26,33.2
320,Matt Schaub,ATL,QB,38,6,1,50,67,580,3,1,3,-3,-1,0,0,0,0,,0,1,1,0,,1,33,32.9
321,JJ Arcega-Whiteside,PHI,WR,23,16,5,0,0,0,0,0,0,0,,0,22,10,169,16.9,1,0,0,1,,,23,32.9
322,Dan Arnold,2TM,TE,24,5,1,0,0,0,0,0,0,0,,0,14,8,127,15.88,2,0,0,2,,,25,32.7
323,Brandon Allen,DEN,QB,27,3,3,39,84,515,3,2,10,39,3.9,0,0,0,0,,0,0,0,0,,,33,32.5
324,Derek Carrier,OAK,TE,29,16,4,0,0,0,0,0,1,27,27,0,19,13,108,8.31,1,0,0,1,,,20,32.5
325,Ty Montgomery,NYJ,RB,26,16,2,0,0,0,0,0,32,103,3.22,0,17,13,90,6.92,0,0,0,0,,,19,32.3
326,Darwin Thompson,KAN,RB,23,12,0,0,0,0,0,0,37,128,3.46,1,10,9,43,4.78,0,0,0,1,,,23,32.1
327,Matt LaCosse,NWE,TE,27,11,8,0,0,0,0,0,0,0,,0,19,13,131,10.08,1,0,0,1,,,19,32.1
328,Myles Gaskin,MIA,RB,22,7,0,0,0,0,0,0,36,133,3.69,1,12,7,51,7.29,0,0,0,1,,,24,31.4
329,Jeff Heuerman,DEN,TE,27,14,11,0,0,0,0,0,0,0,,0,20,14,114,8.14,1,0,0,1,,,17,31.4
330,Justin Jackson,LAC,RB,24,7,0,0,0,0,0,0,29,200,6.9,0,11,9,22,2.44,0,0,0,0,,,22,31.2
331,Qadree Ollison,ATL,RB,23,8,0,0,0,0,0,0,22,50,2.27,4,2,1,7,7,0,1,0,4,,,30,30.7
332,Jesse James,DET,TE,25,16,11,0,0,0,0,0,0,0,,0,27,16,142,8.88,0,0,0,0,,,14,30.2
333,Dontrelle Inman,2TM,WR,30,7,1,0,0,0,0,0,0,0,,0,21,12,181,15.08,0,0,0,0,,,18,30.1
334,Jaeden Graham,ATL,TE,24,16,0,0,0,0,0,0,0,0,,0,10,9,149,16.56,1,0,0,1,,,21,29.9
335,Nick O'Leary,2TM,TE,27,12,5,0,0,0,0,0,0,0,,0,18,13,109,8.38,1,1,0,1,,,17,29.9
336,T.J. Yeldon,BUF,RB,26,6,0,0,0,0,0,0,17,63,3.71,0,15,13,124,9.54,0,1,1,0,,,17,29.7
337,Kalif Raymond,TEN,WR,25,8,1,0,0,0,0,0,1,-5,-5,0,12,9,170,18.89,1,1,1,1,,,21,29.5
338,Reggie Bonnafon,CAR,RB,23,16,0,0,0,0,0,0,16,116,7.25,1,9,6,57,9.5,0,0,0,1,,,23,29.3
339,C.J. Prosise,SEA,RB,25,9,0,0,0,0,0,0,23,72,3.13,1,12,10,76,7.6,0,1,1,1,,,19,28.8
340,Trevor Davis,3TM,WR,26,14,4,0,0,0,0,0,4,73,18.25,1,11,8,111,13.88,0,3,2,1,,,20,28.4
341,Vernon Davis,WAS,TE,35,4,1,0,0,0,0,0,0,0,,0,19,10,123,12.3,1,0,0,1,,,18,28.3
342,Travis Homer,SEA,RB,21,16,1,0,0,0,0,0,18,114,6.33,0,13,11,56,5.09,0,0,0,0,,,17,28
343,Olamide Zaccheaus,ATL,WR,22,10,0,0,0,0,0,0,0,0,,0,5,3,115,38.33,1,0,0,2,,,24,26.5
344,Richie James,SFO,WR,24,16,1,0,0,0,0,0,2,-1,-0.5,0,10,6,165,27.5,1,1,1,1,,,20,26.4
345,Chase Daniel,CHI,QB,33,3,1,45,64,435,3,2,6,6,1,0,0,0,0,,0,0,0,0,,,26,26
346,Robert Tonyan,GNB,TE,25,11,1,0,0,0,0,0,0,0,,0,15,10,100,10,1,0,0,1,,,16,26
347,Seth Devalve,JAX,TE,26,12,6,0,0,0,0,0,0,0,,0,18,12,140,11.67,0,0,0,0,,,14,26
348,DeAndre Carter,HOU,WR,26,16,3,0,0,0,0,0,0,0,,0,14,11,162,14.73,0,2,1,0,,,14,25.2
349,Ryan Finley,CIN,QB,25,3,3,41,87,474,2,2,10,77,7.7,0,0,0,0,,0,4,3,0,,,25,24.7
350,Andrew Beck,DEN,RB,23,16,6,1,1,6,0,0,1,3,3,0,12,9,90,10,1,0,0,1,,,16,24.5
351,Hale Hentges,WAS,TE,23,11,4,0,0,0,0,0,0,0,,0,14,8,103,12.88,1,0,0,1,,,16,24.3
352,Keelan Doss,OAK,WR,23,8,2,0,0,0,0,0,0,0,,0,14,11,133,12.09,0,0,0,0,,,13,24.3
353,Joshua Perkins,PHI,TE,26,5,0,0,0,0,0,0,0,0,,0,13,9,87,9.67,1,0,0,1,,,15,23.7
354,Wendell Smallwood,WAS,RB,25,15,0,0,0,0,0,0,22,81,3.68,0,13,9,64,7.11,0,0,0,0,,,15,23.5
355,Ryan Izzo,NWE,TE,24,6,4,0,0,0,0,0,0,0,,0,9,6,114,19,1,0,0,1,,,17,23.4
356,Virgil Green,LAC,TE,31,15,4,0,0,0,0,0,0,0,,0,13,9,78,8.67,1,0,0,1,,,14,22.8
357,Mack Hollins,2TM,WR,26,16,3,0,0,0,0,0,0,0,,0,23,10,125,12.5,0,0,0,0,,,13,22.5
358,Darrell Henderson,LAR,RB,22,13,0,0,0,0,0,0,39,147,3.77,0,6,4,37,9.25,0,0,0,0,,,18,22.4
359,Trey Burton,CHI,TE,28,8,5,0,0,0,0,0,0,0,,0,24,14,84,6,0,0,0,0,,,8,22.4
360,Devin Smith,DAL,WR,27,4,2,0,0,0,0,0,0,0,,0,9,5,113,22.6,1,0,0,1,,,17,22.3
361,Deon Cain,2TM,WR,23,13,6,0,0,0,0,0,0,0,,0,20,9,124,13.78,0,0,0,0,,,12,21.4
362,Brian Hoyer,IND,QB,34,4,1,35,65,372,4,4,8,2,0.25,0,0,0,0,,0,2,1,0,,,21,21.1
363,MyCole Pruitt,TEN,TE,27,16,10,0,0,0,0,0,0,0,,0,8,6,90,15,1,0,0,1,,,15,21
364,Jesper Horsted,CHI,TE,22,6,1,0,0,0,0,0,0,0,,0,10,8,87,10.88,1,1,1,1,,,13,20.7
365,Daniel Brown,NYJ,TE,27,16,5,0,0,0,0,0,0,0,,0,11,7,72,10.29,1,0,0,1,,,13,20.2
366,Christian Blake,ATL,WR,23,9,3,0,0,0,0,0,0,0,,0,24,11,91,8.27,0,0,0,0,,,9,20.1
367,Trey Edmunds,PIT,RB,25,11,0,0,0,0,0,0,22,92,4.18,0,7,6,48,8,0,0,0,0,,,14,20
368,Geoff Swaim,JAX,TE,26,6,2,0,0,0,0,0,0,0,,0,17,13,65,5,0,0,0,0,,,7,19.5
369,Tommy Sweeney,BUF,TE,24,6,1,0,0,0,0,0,0,0,,0,13,8,114,14.25,0,0,0,0,,,11,19.4
370,Tyler Kroft,BUF,TE,27,11,3,0,0,0,0,0,0,0,,0,14,6,71,11.83,1,0,0,1,,,13,19.1
371,Brandon Zylstra,CAR,WR,26,8,0,0,0,0,0,0,0,0,,0,12,8,106,13.25,0,1,0,0,,,11,18.6
372,Alec Ingold,OAK,RB,23,16,4,0,0,0,0,0,10,17,1.7,0,6,6,44,7.33,1,0,0,1,,,12,18.1
373,Josh Rosen,MIA,QB,22,6,3,58,109,567,1,5,3,13,4.33,0,0,0,0,,0,1,0,0,,,18,18
374,Ben Braunecker,CHI,TE,25,11,3,0,0,0,0,0,0,0,,0,11,6,59,9.83,1,0,0,1,,,12,17.9
375,Mo Alie-Cox,IND,TE,26,16,2,0,0,0,0,0,0,0,,0,11,8,93,11.63,0,0,0,0,,,9,17.3
376,Damion Willis,CIN,WR,22,10,2,0,0,0,0,0,0,0,,0,16,9,82,9.11,0,0,0,0,,,8,17.2
377,Darren Sproles,PHI,RB,36,6,1,0,0,0,0,0,17,66,3.88,0,10,6,24,4,0,1,0,0,1,,11,17
378,Danny Vitale,GNB,RB,26,15,4,0,0,0,0,0,1,3,3,0,12,7,97,13.86,0,0,0,0,,,10,17
379,A.J. McCarron,HOU,QB,29,2,1,21,37,225,0,1,5,39,7.8,1,0,0,0,,0,0,0,1,,,17,16.9
380,Antonio Callaway,CLE,WR,22,4,2,0,0,0,0,0,0,0,,0,15,8,89,11.13,0,0,0,0,,,9,16.9
381,Cam Newton,CAR,QB,30,2,2,50,89,572,0,1,5,-2,-0.4,0,0,0,0,,0,2,2,0,,,17,16.7
382,Adam Shaheen,CHI,TE,25,8,2,0,0,0,0,0,0,0,,0,13,9,74,8.22,0,1,1,0,1,,7,16.4
383,Wes Hills,DET,RB,24,1,1,0,0,0,0,0,10,21,2.1,2,2,2,1,0.5,0,0,0,2,,,14,16.2
384,Antonio Brown,NWE,WR,31,1,0,0,0,0,0,0,1,5,5,0,8,4,56,14,1,0,0,1,,,12,16.1
385,Stephen Carlson,CLE,TE,23,9,5,0,0,0,0,0,0,0,,0,7,5,51,10.2,1,0,0,1,,,11,16.1
386,J.P. Holtz,2TM,TE,26,15,7,0,0,0,0,0,0,0,,0,8,7,91,13,0,0,0,0,,,9,16.1
387,Robert Griffin,BAL,QB,29,7,1,23,38,225,1,2,20,70,3.5,0,0,0,0,,0,0,0,0,,,16,16
388,Luke Willson,SEA,TE,29,8,7,0,0,0,0,0,0,0,,0,10,8,79,9.88,0,0,0,0,,,8,15.9
389,Troy Fumagalli,DEN,TE,24,11,5,0,0,0,0,0,0,0,,0,9,6,38,6.33,1,0,0,1,,,10,15.8
390,Rashard Higgins,CLE,WR,25,10,1,0,0,0,0,0,0,0,,0,11,4,55,13.75,1,0,0,1,,,12,15.5
391,Braxton Berrios,NYJ,WR,24,16,0,0,0,0,0,0,0,0,,0,13,6,115,19.17,0,1,1,0,,,10,15.5
392,Deonte Harris*+,NOR,WR,22,14,1,0,0,0,0,0,4,31,7.75,0,6,6,24,4,0,3,1,1,,,10,15.5
393,Andy Janovich,DEN,RB,26,7,3,0,0,0,0,0,1,1,1,1,5,5,42,8.4,0,0,0,1,,,10,15.3
394,D'Ernest Johnson,CLE,RB,23,16,0,0,0,0,0,0,4,21,5.25,0,7,6,71,11.83,0,0,0,0,,,9,15.2
395,David Njoku,CLE,TE,23,4,1,0,0,0,0,0,0,0,,0,10,5,41,8.2,1,0,0,1,,,10,15.1
396,Kenjon Barner,ATL,RB,29,14,0,1,1,3,0,0,4,28,7,0,8,6,22,3.67,0,4,1,1,,,9,15.1
397,Blake Bell,KAN,TE,28,15,7,0,0,0,0,0,0,0,,0,15,8,67,8.38,0,0,0,0,,,7,14.7
398,Chris Hogan,CAR,WR,32,7,1,0,0,0,0,0,0,0,,0,15,8,67,8.38,0,0,0,0,,,7,14.7
399,Rico Gafford,OAK,WR,23,4,1,0,0,0,0,0,0,0,,0,2,2,66,33,1,0,0,1,,,13,14.6
400,Marcell Ateman,OAK,WR,25,11,0,0,0,0,0,0,0,0,,0,10,5,116,23.2,0,1,1,0,,,10,14.6
401,Kerrith Whyte,PIT,RB,23,6,0,0,0,0,0,0,24,122,5.08,0,1,1,9,9,0,0,0,0,,,13,14.1
402,Tyler Conklin,MIN,TE,24,15,1,0,0,0,0,0,0,0,,0,10,8,58,7.25,0,0,0,0,,,6,13.8
403,JJ Nelson,OAK,WR,27,2,1,0,0,0,0,0,0,0,,0,5,4,36,9,1,0,0,1,,,10,13.6
404,Durham Smythe,MIA,TE,24,16,14,0,0,0,0,0,0,0,,0,14,7,65,9.29,0,0,0,0,,,7,13.5
405,Luke Stocker,ATL,TE,31,15,9,0,0,0,0,0,0,0,,0,14,8,53,6.63,0,1,0,0,,,5,13.3
406,Derek Watt,LAC,RB,27,16,2,0,0,0,0,0,7,10,1.43,1,5,3,32,10.67,0,0,0,1,,,10,13.2
407,Lee Smith,BUF,TE,32,16,5,0,0,0,0,0,0,0,,0,5,4,31,7.75,1,0,0,1,,,9,13.1
408,Riley Ridley,CHI,WR,23,5,0,0,0,0,0,0,0,0,,0,7,6,69,11.5,0,0,0,0,,,7,12.9
409,T.J. Jones,NYG,WR,27,3,0,0,0,0,0,0,0,0,,0,4,3,38,12.67,1,3,0,1,,,10,12.8
410,Ben Roethlisberger,PIT,QB,37,2,2,35,62,351,0,1,1,7,7,0,0,0,0,,0,1,0,0,,,13,12.7
411,Devontae Booker,DEN,RB,27,16,0,0,0,0,0,0,2,9,4.5,0,9,6,57,9.5,0,0,0,0,,,7,12.6
412,Robert Foster,BUF,WR,25,13,2,0,0,0,0,0,2,29,14.5,0,18,3,64,21.33,0,0,0,0,,,9,12.3
413,Spencer Ware,KAN,RB,28,3,1,0,0,0,0,0,17,51,3,0,7,5,22,4.4,0,1,0,0,,,7,12.3
414,Trent Sherfield,ARI,WR,23,16,1,0,0,0,0,0,0,0,,0,13,4,80,20,0,0,0,0,,,8,12
415,Mike Davis,2TM,RB,26,12,1,0,0,0,0,0,13,27,2.08,0,8,7,22,3.14,0,0,0,0,,,5,11.9
416,KhaDarel Hodge,CLE,WR,24,16,1,0,0,0,0,0,0,0,,0,10,4,76,19,0,0,0,0,,,8,11.6
417,Zach Line,NOR,RB,29,12,2,0,0,0,0,0,7,20,2.86,0,10,6,36,6,0,0,0,0,,,6,11.6
418,Andre Patton,LAC,WR,25,13,5,0,0,0,0,0,0,0,,0,17,6,56,9.33,0,0,0,0,,,6,11.6
419,Javorius Allen,NYG,RB,28,10,0,0,0,0,0,0,10,36,3.6,1,2,1,9,9,0,0,0,1,,,11,11.5
420,Ryan Switzer,PIT,WR,25,9,0,0,0,0,0,0,0,0,,0,11,8,27,3.38,0,1,0,0,,,3,10.7
421,Tra Carson,2TM,RB,27,3,1,0,0,0,0,0,18,48,2.67,0,4,4,18,4.5,0,0,0,0,,,7,10.6
422,Nick Bellore,SEA,RB,30,14,1,0,0,0,0,0,0,0,,0,2,2,23,11.5,1,0,0,1,,,8,10.3
423,Tevin Jones,PIT,WR,27,5,0,0,0,0,0,0,0,0,,0,10,4,61,15.25,0,0,0,0,,,6,10.1
424,Clive Walford,MIA,TE,28,7,3,0,0,0,0,0,0,4,,0,8,4,57,14.25,0,0,0,0,,,6,10.1
425,Patrick DiMarco,BUF,RB,30,16,4,0,0,0,0,0,3,7,2.33,0,7,5,41,8.2,0,0,0,0,,,5,9.8
426,Alex Armah,CAR,RB,25,16,1,0,0,0,0,0,6,11,1.83,1,2,2,6,3,0,0,0,1,,,8,9.7
427,Cedrick Wilson,DAL,WR,24,6,0,0,0,0,0,0,0,0,,0,8,5,46,9.2,0,0,0,0,,,5,9.6
428,Marshawn Lynch,SEA,RB,33,1,0,0,0,0,0,0,12,34,2.83,1,0,0,0,,0,0,0,1,,,9,9.4
429,Troymaine Pope,LAC,RB,26,14,0,0,0,0,0,0,10,20,2,0,3,2,14,7,1,1,1,1,,,7,9.4
430,Khari Blasingame,TEN,RB,23,6,3,0,0,0,0,0,0,0,,0,5,4,54,13.5,0,0,0,0,,,5,9.4
431,Cethan Carter,CIN,RB,24,15,0,0,0,0,0,0,0,0,,0,3,2,13,6.5,1,0,0,1,,,7,9.3
432,DeAndrew White,CAR,WR,28,10,0,0,0,0,0,0,0,0,,0,9,4,51,12.75,0,0,0,0,,,5,9.1
433,Chad Beebe,MIN,WR,25,3,0,0,0,0,0,0,0,0,,0,2,2,70,35,0,3,0,0,,,7,9
434,Chris Lacy,DET,WR,23,7,2,0,0,0,0,0,0,0,,0,10,3,60,20,0,0,0,0,,,6,9
435,Travis Benjamin,LAC,WR,30,5,2,0,0,0,0,0,0,0,,0,16,6,30,5,0,0,0,0,,,3,9
436,Luke Falk,NYJ,QB,25,3,2,47,73,416,0,3,0,0,,0,0,0,0,,0,2,1,0,,,9,8.6
437,Ventell Bryant,DAL,WR,23,12,0,0,0,0,0,0,0,0,,0,1,1,15,15,1,0,0,1,,,8,8.5
438,Jon Hilliman,NYG,RB,24,3,1,0,0,0,0,0,30,91,3.03,0,4,3,1,0.33,0,2,2,0,,,5,8.2
439,Lance Kendricks,LAC,TE,31,12,1,0,0,0,0,0,0,0,,0,7,3,50,16.67,0,0,0,0,,,5,8
440,Devine Ozigbo,JAX,RB,23,10,0,0,0,0,0,0,9,27,3,0,5,3,23,7.67,0,0,0,0,,,5,8
441,Deon Yelder,KAN,TE,24,9,1,0,0,0,0,0,0,0,,0,4,3,50,16.67,0,0,0,0,,,5,8
442,Drew Sample,CIN,TE,23,9,2,0,0,0,0,0,0,0,,0,6,5,30,6,0,0,0,0,,,3,8
443,Diontae Spencer,DEN,WR,27,16,2,0,0,0,0,0,3,6,2,0,8,6,31,5.17,0,3,1,0,,,2,7.7
444,Dwayne Washington,NOR,RB,25,16,0,0,0,0,0,0,8,60,7.5,0,1,1,6,6,0,0,0,0,,,7,7.6
445,Jordan Matthews,2TM,WR,27,3,1,0,0,0,0,0,0,0,,0,12,4,33,8.25,0,0,0,0,,,3,7.3
446,Ross Travis,IND,TE,26,3,1,0,0,0,0,0,0,0,,0,6,4,51,12.75,0,1,1,0,,,3,7.1
447,Trevon Wesco,NYJ,TE,24,16,1,0,0,0,0,0,1,2,2,0,3,2,47,23.5,0,0,0,0,,,5,6.9
448,Deontay Burnett,PHI,WR,22,1,1,0,0,0,0,0,0,0,,0,4,2,48,24,0,0,0,0,,,5,6.8
449,Elijhaa Penny,NYG,RB,26,16,1,0,0,0,0,0,15,39,2.6,0,4,2,9,4.5,0,0,0,0,,,5,6.8
450,Geremy Davis,LAC,WR,27,7,1,0,0,0,0,0,0,0,,0,3,3,38,12.67,0,0,0,0,,,4,6.8
451,Alexander Hollins,MIN,WR,23,5,1,0,0,0,0,0,0,0,,0,4,2,46,23,0,0,0,0,,,5,6.6
452,Johnny Mundt,LAR,TE,25,13,2,0,0,0,0,0,0,0,,0,7,4,26,6.5,0,0,0,0,,,3,6.6
453,Jason Moore,LAC,WR,24,10,0,0,0,0,0,0,0,0,,0,5,2,43,21.5,0,0,0,0,,,4,6.3
454,Devin Funchess,IND,WR,25,1,1,0,0,0,0,0,0,0,,0,5,3,32,10.67,0,0,0,0,,,3,6.2
455,Michael Crabtree,ARI,WR,32,2,1,0,0,0,0,0,0,0,,0,5,4,22,5.5,0,0,0,0,,,2,6.2
456,Brett Hundley,ARI,QB,26,3,0,5,11,49,0,0,7,41,5.86,0,0,0,0,,0,0,0,0,,,6,6.1
457,Matt Barkley,BUF,QB,29,2,0,27,51,359,0,3,2,-4,-2,0,0,0,0,,0,3,1,0,,,6,6
458,Tyrod Taylor,LAC,QB,30,8,0,4,6,33,1,0,10,7,0.7,0,1,0,0,,0,0,0,0,,,6,6
459,Johnny Holton,PIT,WR,28,16,3,0,0,0,0,0,1,9,9,0,15,3,21,7,0,0,0,0,,,3,6
460,Taiwan Jones,HOU,RB,31,11,0,0,0,0,0,0,9,40,4.44,0,1,1,9,9,0,0,0,0,,,5,5.9
461,Cody Core,NYG,WR,25,16,0,0,0,0,0,0,0,0,,0,5,3,28,9.33,0,0,0,0,,,3,5.8
462,Donte Moncrief,2TM,WR,26,8,2,0,0,0,0,0,0,0,,0,15,4,18,4.5,0,0,0,0,,,2,5.8
463,Steven Mitchell,HOU,WR,25,3,1,0,0,0,0,0,0,0,,0,6,2,37,18.5,0,0,0,0,,,4,5.7
464,Andre Roberts*,BUF,WR,31,13,0,0,0,0,0,0,1,7,7,0,7,3,20,6.67,0,1,0,0,,,3,5.7
465,Nick Bawden,DET,RB,23,10,2,0,0,0,0,0,0,0,,0,6,4,17,4.25,0,0,0,0,,,2,5.7
466,Russell Shepard,NYG,WR,29,3,0,0,0,0,0,0,0,0,,0,8,3,25,8.33,0,0,0,0,,,3,5.5
467,Ishmael Hyman,TAM,WR,24,2,1,0,0,0,0,0,0,0,,0,4,2,34,17,0,0,0,0,,,3,5.4
468,Ryan Grant,OAK,WR,29,2,1,0,0,0,0,0,0,0,,0,9,4,14,3.5,0,0,0,0,,,1,5.4
469,C.J. Board,JAX,WR,26,4,0,0,0,0,0,0,0,0,,0,4,2,31,15.5,0,0,0,0,,,3,5.1
470,Anthony Sherman,KAN,RB,31,16,0,0,0,0,0,0,4,9,2.25,0,3,2,22,11,0,0,0,0,,,3,5.1
471,Chris Moore,BAL,WR,26,14,1,0,0,0,0,0,1,0,0,0,5,3,21,7,0,0,0,0,,,2,5.1
472,Marqise Lee,JAX,WR,28,6,1,0,0,0,0,0,1,1,1,0,4,3,18,6,0,0,0,0,,,2,4.9
473,Paul Perkins,DET,RB,25,4,0,0,0,0,0,0,12,29,2.42,0,1,1,9,9,0,0,0,0,,,4,4.8
474,Stanley Morgan,CIN,WR,23,11,0,0,0,0,0,0,0,0,,0,10,3,18,6,0,0,0,0,,,2,4.8
475,Pharaoh Brown,CLE,TE,25,9,6,0,0,0,0,0,0,0,,0,3,2,27,13.5,0,0,0,0,,,3,4.7
476,Da'Mari Scott,NYG,WR,24,5,2,0,0,0,0,0,1,5,5,0,3,2,22,11,0,0,0,0,,,3,4.7
477,Cam Sims,WAS,WR,23,7,1,0,0,0,0,0,0,0,,0,3,2,27,13.5,0,0,0,0,,,3,4.7
478,Tanner Hudson,TAM,TE,25,9,1,0,0,0,0,0,0,0,,0,5,2,26,13,0,0,0,0,,,3,4.6
479,Josh Oliver,JAX,TE,22,4,1,0,0,0,0,0,0,0,,0,6,3,15,5,0,0,0,0,,,2,4.5
480,Bobo Wilson,TAM,WR,24,6,1,0,0,0,0,0,0,0,,0,11,3,35,11.67,0,3,1,0,,,2,4.5
481,C.J. Anderson,DET,RB,28,2,0,0,0,0,0,0,16,43,2.69,0,0,0,0,,0,0,0,0,,,4,4.3
482,Colt McCoy,WAS,QB,33,1,1,18,27,122,0,1,2,14,7,0,0,0,0,,0,2,0,0,,,4,4.3
483,T.J. Logan,TAM,RB,25,12,0,0,0,0,0,0,3,10,3.33,0,3,2,13,6.5,0,0,0,0,,,2,4.3
484,Mike Glennon,OAK,QB,30,2,0,6,10,56,1,0,2,0,0,0,0,0,0,,0,3,1,0,,,4,4.2
485,Fred Brown,DEN,WR,26,13,1,0,0,0,0,0,0,0,,0,3,2,21,10.5,0,1,0,0,,,2,4.1
486,Tyler Ervin,2TM,RB,26,10,0,0,0,0,0,0,1,10,10,0,4,2,11,5.5,0,2,0,0,,,2,4.1
487,Eric Saubert,CHI,TE,25,2,0,0,0,0,0,0,0,0,,0,3,2,21,10.5,0,0,0,0,,,2,4.1
488,Codey McElroy,TAM,WR,27,1,0,0,0,0,0,0,0,0,,0,1,1,30,30,0,0,0,0,,,3,4
489,Josh Bellamy,NYJ,WR,30,7,0,0,0,0,0,0,0,0,,0,3,2,20,10,0,0,0,0,,,2,4
490,Robert Davis,2TM,WR,24,6,3,0,0,0,0,0,0,0,,0,5,2,17,8.5,0,0,0,0,,,2,3.7
491,Ashton Dulin,IND,WR,22,13,0,0,0,0,0,0,0,0,,0,2,2,17,8.5,0,0,0,0,,,2,3.7
492,Darius Jennings,TEN,WR,27,8,0,0,0,0,0,0,0,0,,0,5,2,17,8.5,0,0,0,0,,,2,3.7
493,Zach Zenner,3TM,RB,28,5,0,0,0,0,0,0,3,-2,-0.67,0,3,2,19,9.5,0,0,0,0,,,2,3.7
494,Gunner Olszewski,NWE,WR,23,8,0,0,0,0,0,0,0,0,,0,4,2,34,17,0,1,1,0,,,1,3.4
495,Mike Thomas,LAR,WR,25,16,0,0,0,0,0,0,0,0,,0,5,2,14,7,0,0,0,0,,,1,3.4
496,Cody Hollister,TEN,WR,26,5,0,0,0,0,0,0,0,0,,0,2,2,13,6.5,0,0,0,0,,,1,3.3
497,Isaac Nauta,DET,TE,22,6,0,0,0,0,0,0,0,0,,0,3,2,13,6.5,0,0,0,0,,,1,3.3
498,Keith Smith,ATL,RB,27,16,5,0,0,0,0,0,5,8,1.6,0,3,1,13,13,0,0,0,0,,,2,3.1
499,Scott Simonson,NYG,TE,27,5,1,0,0,0,0,0,0,0,,0,2,2,11,5.5,0,0,0,0,,,1,3.1
500,Jay Ajayi,PHI,RB,26,3,0,0,0,0,0,0,10,30,3,0,1,0,0,,0,0,0,0,,,3,3
501,Levine Toilolo,SFO,TE,28,13,0,0,0,0,0,0,0,0,,0,2,2,10,5,0,0,0,0,,,1,3
502,Dalyn Dawkins,TEN,RB,25,2,0,0,0,0,0,0,11,26,2.36,0,1,0,0,,0,0,0,0,,,3,2.6
503,Rashard Davis,TEN,WR,25,1,0,0,0,0,0,0,0,0,,0,1,1,16,16,0,0,0,0,,,2,2.6
504,Roosevelt Nix,PIT,RB,27,3,0,0,0,0,0,0,0,0,,0,3,2,4,2,0,0,0,0,,,,2.4
505,Sean Culkin,LAC,TE,26,4,2,0,0,0,0,0,0,0,,0,2,1,12,12,0,0,0,0,,,1,2.2
506,Jeff Smith,NYJ,WR,22,1,0,0,0,0,0,0,0,0,,0,2,1,12,12,0,0,0,0,,,1,2.2
507,Antony Auclair,TAM,TE,26,8,5,0,0,0,0,0,0,0,,0,3,1,11,11,0,0,0,0,,,1,2.1
508,Chris Manhertz,CAR,TE,27,15,6,0,0,0,0,0,0,0,,0,1,1,11,11,0,0,0,0,,,1,2.1
509,De'Anthony Thomas,2TM,WR,26,14,0,0,0,0,0,0,2,5,2.5,0,2,1,6,6,0,3,0,0,,,1,2.1
510,John Ursua,SEA,WR,25,3,0,0,0,0,0,0,0,0,,0,1,1,11,11,0,0,0,0,,,1,2.1
511,Austin Carr,NOR,WR,26,6,3,0,0,0,0,0,0,0,,0,4,1,9,9,0,0,0,0,,,1,1.9
512,Ben Koyack,JAX,TE,26,11,6,0,0,0,0,0,0,0,,0,3,1,9,9,0,0,0,0,,,1,1.9
513,Ricky Ortiz,NOR,RB,25,1,0,0,0,0,0,0,0,0,,0,1,1,8,8,0,0,0,0,,,1,1.8
514,Jordan Thomas,HOU,TE,23,5,2,0,0,0,0,0,0,0,,0,3,1,8,8,0,0,0,0,,,1,1.8
515,Dwayne Harris,OAK,WR,32,3,0,0,0,0,0,0,0,0,,0,1,1,7,7,0,0,0,0,,,1,1.7
516,Chris Herndon,NYJ,TE,23,1,0,0,0,0,0,0,0,0,,0,2,1,7,7,0,0,0,0,,,1,1.7
517,Samaje Perine,2TM,RB,24,7,0,0,0,0,0,0,5,16,3.2,0,0,0,0,,0,0,0,0,,,2,1.6
518,Dalton Schultz,DAL,TE,23,16,0,0,0,0,0,0,0,0,,0,2,1,6,6,0,0,0,0,,,1,1.6
519,Jaleel Scott,BAL,WR,24,3,0,0,0,0,0,0,0,0,,0,3,1,6,6,0,0,0,0,,,1,1.6
520,Jakob Johnson,NWE,RB,25,4,3,0,0,0,0,0,0,0,,0,2,1,5,5,0,0,0,0,,,1,1.5
521,Charles Jones,JAX,TE,23,4,0,0,0,0,0,0,0,0,,0,1,1,5,5,0,0,0,0,,,1,1.5
522,Tyrone Swoopes,SEA,TE,25,5,2,0,0,0,0,0,0,0,,0,1,1,5,5,0,0,0,0,,,1,1.5
523,Darrell Daniels,ARI,TE,25,11,0,0,0,0,0,0,0,0,,0,3,1,4,4,0,0,0,0,,,,1.4
524,Zach Gentry,PIT,TE,23,4,0,0,0,0,0,0,0,0,,0,1,1,4,4,0,0,0,0,,,,1.4
525,Krishawn Hogan,NOR,WR,24,8,0,0,0,0,0,0,0,0,,0,1,1,4,4,0,0,0,0,,,,1.4
526,Senorise Perry,BUF,RB,28,11,0,0,0,0,0,0,3,3,1,0,1,1,1,1,0,0,0,0,,,,1.4
527,Will Grier,CAR,QB,24,2,2,28,52,228,0,4,7,22,3.14,0,0,0,0,,0,1,1,0,,,1,1.3
528,Cyril Grayson,TAM,WR,26,2,0,0,0,0,0,0,0,0,,0,1,1,3,3,0,0,0,0,,,,1.3
529,Xavier Grimble,PIT,TE,27,3,1,0,0,0,0,0,0,0,,0,3,1,3,3,0,0,0,0,,,,1.3
530,Josh Adams,NYJ,RB,23,3,0,0,0,0,0,0,8,12,1.5,0,0,0,0,,0,0,0,0,,,1,1.2
531,Damien Harris,NWE,RB,22,2,0,0,0,0,0,0,4,12,3,0,0,0,0,,0,0,0,0,,,1,1.2
532,John Franklin,TAM,WR,25,1,0,0,0,0,0,0,1,11,11,0,0,0,0,,0,0,0,0,,,1,1.1
533,Dexter Williams,GNB,RB,22,4,0,0,0,0,0,0,5,11,2.2,0,0,0,0,,0,0,0,0,,,1,1.1
534,Eric Tomlinson,3TM,TE,27,8,3,0,0,0,0,0,0,0,,0,1,1,1,1,0,0,0,0,,,,1.1
535,Buddy Howell,HOU,RB,23,16,0,0,0,0,0,0,5,10,2,0,0,0,0,,0,0,0,0,,,1,1
536,Josh Ferguson,WAS,RB,26,2,0,0,0,0,0,0,3,9,3,0,0,0,0,,0,0,0,0,,,1,0.9
537,John Kelly,LAR,RB,23,4,0,0,0,0,0,0,3,9,3,0,0,0,0,,0,0,0,0,,,1,0.9
538,Jordan Scarlett,CAR,RB,23,9,0,0,0,0,0,0,4,9,2.25,0,0,0,0,,0,0,0,0,,,1,0.9
539,Josh McCown,PHI,QB,40,3,0,3,5,24,0,0,2,-2,-1,0,0,0,0,,0,0,0,0,,,1,0.8
540,Ryan Nall,CHI,RB,24,8,0,0,0,0,0,0,2,8,4,0,0,0,0,,0,0,0,0,,,1,0.8
541,Tony Brooks-James,PIT,RB,25,3,0,0,0,0,0,0,8,7,0.88,0,0,0,0,,0,0,0,0,,,1,0.7
542,Ryan Griffin,TAM,QB,30,2,0,2,4,18,0,0,4,-1,-0.25,0,0,0,0,,0,0,0,0,,,1,0.6
543,De'Lance Turner,MIA,RB,24,8,0,0,0,0,0,0,4,6,1.5,0,0,0,0,,0,0,0,0,,,1,0.6
544,Alfred Morris,ARI,RB,31,1,0,0,0,0,0,0,1,4,4,0,0,0,0,,0,0,0,0,,,,0.4
545,James Develin,NWE,RB,31,2,2,0,0,0,0,0,2,3,1.5,0,0,0,0,,0,0,0,0,,,,0.3
546,Trace McSorley,BAL,QB,24,1,0,0,0,0,0,0,1,1,1,0,0,0,0,,0,0,0,0,,,,0.1
547,Trevor Siemian,NYJ,QB,28,1,1,3,6,3,0,0,0,0,,0,0,0,0,,0,0,0,0,,,,0.1
548,Tim Boyle,GNB,QB,25,3,0,3,4,15,0,0,5,-7,-1.4,0,0,0,0,,0,0,0,0,,,,-0.1
549,Garrett Gilbert,CLE,QB,28,5,0,0,3,0,0,0,3,-3,-1,0,0,0,0,,0,0,0,0,,,,-0.3
550,Nick Mullens,SFO,QB,24,1,0,0,0,0,0,0,3,-3,-1,0,0,0,0,,0,0,0,0,,,,-0.3
551,Michael Walker,JAX,WR,23,7,0,0,0,0,0,0,0,0,,0,3,2,15,7.5,0,2,2,0,,,-3,-0.5
552,Blake Bortles,LAR,QB,27,3,0,1,2,3,0,0,2,-9,-4.5,0,0,0,0,,0,0,0,0,,,-1,-0.8
553,Darrius Shepherd,GNB,WR,24,6,0,0,0,0,0,0,0,0,,0,2,1,1,1,0,1,1,0,,,-2,-0.9
554,Quincy Enunwa,NYJ,WR,27,1,1,0,0,0,0,0,0,0,,0,3,1,-4,-4,0,1,1,0,,,-2,-1.4
555,Sean Mannion,MIN,QB,27,3,1,12,21,126,0,2,6,-5,-0.83,0,0,0,0,,0,1,1,0,,,-1,-1.5
556,Jarrett Stidham,NWE,QB,23,3,0,2,4,14,0,1,2,-2,-1,0,0,0,0,,0,0,0,0,,,-2,-1.6
557,Greg Dortch,CAR,,21,2,0,0,0,0,0,0,0,0,,0,0,0,0,,0,1,1,0,,,-2,-2
558,Ray-Ray McCloud,CAR,,23,6,0,0,0,0,0,0,0,0,,0,0,0,0,,0,3,1,0,,,-2,-2
559,Corey Clement,PHI,,25,4,0,0,0,0,0,0,0,0,,0,0,0,0,,0,2,2,0,,,-4,-4
